﻿{
  "_id": "67dae9c254023e4f20bac54f",
  "availableInRaid": false,
  "avatar": "/files/trader/avatar/scavcat.jpg",
  "balance_dol": 0,
  "balance_eur": 0,
  "balance_rub": 5000000,
  "buyer_up": false,
  "currency": "RUB",
  "customization_seller": false,
  "discount": 20,
  "discount_end": 0,
  "gridHeight": 160,
  "insurance": {
    "availability": false,
    "excluded_category": [],
    "max_return_hour": 0,
    "max_storage_time": 99999,
    "min_payment": 0,
    "min_return_hour": 0
  },
  "isAvailableInPVE": true,
  "isCanTransferItems": false,
  "isCanTransferItemsFromPve": false,
  "items_buy": {
    "category": [
      "5661632d4bdc2d903d8b456b",
      "5447e0e74bdc2d3c308b4567",
      "543be5664bdc2dd4348b4569",
      "5448e5284bdc2dcb718b4567",
      "5448e53e4bdc2d60728b4567",
      "5448fe124bdc2da5018b4567",
      "543be5f84bdc2dd4348b456a",
      "5422acb9af1c889c16000029",
      "543be6674bdc2df1348b4569",
      "567849dd4bdc2d150f8b456e",
      "543be6564bdc2df4348b4568",
      "5447e1d04bdc2dff2f8b4567",
      "5448eb774bdc2d0a728b4567",
      "5448ecbe4bdc2d60728b4568",
      "616eb7aea207f41933308f46",
      "5671435f4bdc2d96058b4569",
      "5795f317245977243854e041",
      "543be5e94bdc2df1348b4568"
    ],
    "id_list": []
  },
  "items_buy_prohibited": {
    "category": [],
    "id_list": []
  },
  "items_sell": {
    "1": {
      "category": [],
      "id_list": []
    }
  },
  "location": "Somewhere in the litter box",
  "loyaltyLevels": [
    {
      "buy_price_coef": 38,
      "exchange_price_coef": 0,
      "heal_price_coef": 0,
      "insurance_price_coef": "0",
      "minLevel": 1,
      "minSalesSum": 0,
      "minStanding": 0,
      "repair_price_coef": 1
    }
  ],
  "mainDialogue": null,
  "medic": true,
  "name": "ScavCat",
  "nextResupply": 1576762923,
  "nickname": "KOT",
  "prohibitedTransferableItems": {
    "category": [],
    "id_list": []
  },
  "repair": {
    "availability": true,
    "currency": "5449016a4bdc2d6f028b456f",
    "currency_coefficient": 1,
    "excluded_category": [],
    "excluded_id_list": [],
    "quality": "2"
  },
  "sell_category": [],
  "sell_modifier_for_prohibited_items": 0,
  "surname": "",
  "transferableItems": {
    "category": [],
    "id_list": []
  },
  "unlockedByDefault": true
}
